<?xml version='1.0'?>
<home version='7200' exportFlags='17' name='Flensborggade40_2_kommende_indrettet.sh3d' camera='topCamera' wallHeight='243.84'>
  <environment groundColor='00A8A8A8' skyColor='00CCE4FC' lightColor='00D0D0D0'/>
  <observerCamera attribute='observerCamera' lens='PINHOLE' x='50.0' y='50.0' z='170.0' yaw='5.4977875' pitch='0.19634955' fieldOfView='1.0995575' time='1710504000000'/>
  <camera attribute='topCamera' lens='PINHOLE' x='-684.15356' y='781.8779' z='1539.9124' yaw='35.94655' pitch='0.70079696' fieldOfView='1.0995575' time='1710504000000'/>
  <doorOrWindow catalogId='eTeks#door' name='Door' creator='eTeks' model='1' x='667.28827' y='439.52454' angle='3.138945' width='91.4' depth='14.839428' height='208.3' modelSize='14086' movable='false' cutOutShape='M0,0 v1 h1 v-1 z' wallCutOutOnBothSides='true'/>
  <doorOrWindow catalogId='eTeks#doorFrame' name='Door frame' creator='eTeks' model='3' x='874.4877' y='548.8341' width='91.4' depth='9.678149' height='208.3' modelSize='1281' movable='false' cutOutShape='M0,0 v1 h1 v-1 z' wallCutOutOnBothSides='true'/>
  <doorOrWindow catalogId='eTeks#doorFrame' name='Door frame' creator='eTeks' model='3' x='1125.2205' y='635.1468' angle='1.1391174' width='91.4' depth='9.678149' height='208.3' modelSize='1281' movable='false' cutOutShape='M0,0 v1 h1 v-1 z' wallCutOutOnBothSides='true'/>
  <doorOrWindow catalogId='eTeks#sliderWindow126x200' name='Slider window' creator='eTeks' model='5' x='717.9888' y='894.0377' elevation='100.0' angle='1.0310955' width='100.0' depth='8.1297655' height='100.0' modelSize='7950' movable='false' cutOutShape='M0,0 v1 h1 v-1 z' wallCutOutOnBothSides='true'/>
  <pieceOfFurniture catalogId='eTeks#toiletUnit' name='Toilet unit' creator='eTeks' model='7' x='657.44446' y='727.6515' angle='1.9558975' width='40.0' depth='80.0' height='62.2' modelSize='125874' movable='false'/>
  <pieceOfFurniture catalogId='eTeks#washbasin' name='Washbasin' creator='eTeks' model='9' x='709.78015' y='646.29846' angle='1.9558975' width='55.9' depth='47.0' height='96.5' modelSize='239991' movable='false'/>
  <pieceOfFurniture catalogId='eTeks#bed140x190' name='Double bed' creator='eTeks' model='11' x='828.19666' y='255.46188' angle='1.5707964' width='200.0' depth='207.0' height='69.9' modelSize='11797'/>
  <pieceOfFurniture catalogId='eTeks#wardrobe' name='Wardrobe' creator='eTeks' model='13' x='579.7131' y='144.68001' angle='4.712389' width='100.3' depth='54.0' height='200.0' modelSize='23218'/>
  <pieceOfFurniture catalogId='eTeks#wardrobe' name='Wardrobe' creator='eTeks' model='13' x='580.2131' y='370.13004' angle='4.712389' width='124.0' depth='55.0' height='200.0' modelSize='23218'/>
  <pieceOfFurniture catalogId='eTeks#wardrobe' name='Wardrobe' creator='eTeks' model='13' x='579.7131' y='248.63004' angle='4.712389' width='119.0' depth='54.0' height='200.0' modelSize='23218'/>
  <pieceOfFurniture catalogId='eTeks#plant' name='Plant' creator='eTeks' model='15' x='646.51' y='116.9346' width='58.4' depth='50.8' height='81.3' modelSize='113183'/>
  <pieceOfFurniture catalogId='eTeks#texturableBox' name='Box' creator='eTeks' model='17/texturableBox.obj' x='914.69666' y='376.46188' angle='1.5707964' width='42.0' depth='34.0' height='91.4' modelSize='1661'/>
  <pieceOfFurniture catalogId='eTeks#texturableBox' name='Box' creator='eTeks' model='17/texturableBox.obj' x='914.69666' y='134.46188' angle='1.5707964' width='42.0' depth='34.0' height='91.4' modelSize='1661'/>
  <pieceOfFurniture catalogId='eTeks#curtains' name='Curtains' creator='eTeks' model='19/curtains.obj' x='717.17786' y='6.5747275' elevation='8.5' angle='7.2591256E-8' width='150.0' depth='22.9' height='210.0' modelSize='38679'/>
  <pieceOfFurniture catalogId='eTeks#curtains' name='Curtains' creator='eTeks' model='19/curtains.obj' x='621.2381' y='47.5346' elevation='8.5' angle='4.712389' width='88.0' depth='24.0' height='210.0' modelSize='38679'/>
  <pieceOfFurniture catalogId='eTeks#curtains' name='Curtains' creator='eTeks' model='19/curtains.obj' x='799.8196' y='46.46142' elevation='8.5' angle='1.5707964' width='88.0' depth='24.0' height='210.0' modelSize='38679'/>
  <pieceOfFurniture catalogId='eTeks#texturableBox' name='Box' creator='eTeks' model='17/texturableBox.obj' x='711.2381' y='39.62473' angle='1.5707964' width='89.0' depth='204.0' height='91.4' modelSize='1661'/>
  <light catalogId='eTeks#wallUplight' name='Wall uplight' creator='eTeks' model='21' x='925.69666' y='323.5075' elevation='165.0' angle='1.5707964' width='24.0' depth='12.0' height='26.0' modelSize='5211'/>
  <light catalogId='eTeks#wallUplight' name='Wall uplight' creator='eTeks' model='21' x='925.69666' y='196.49933' elevation='165.0' angle='1.5707964' width='24.0' depth='12.0' height='26.0' modelSize='5211'/>
  <pieceOfFurniture catalogId='eTeks#frame' name='Frame' creator='eTeks' model='23/frame.obj' x='840.0265' y='436.7505' elevation='150.0' angle='3.138945' width='50.0' depth='2.2' height='35.0' modelSize='3155'/>
  <light catalogId='eTeks#pendantLamp' name='Pendant lamp' creator='eTeks' model='25' x='745.5022' y='245.92403' elevation='170.0' width='60.0' depth='60.0' height='80.0' modelSize='15723'/>
  <pieceOfFurniture catalogId='eTeks#fridgeFreezer' name='Fridge &amp; Freezer' creator='eTeks' model='27' x='948.5196' y='813.7747' angle='2.6179938' width='59.7' depth='63.5' height='185.40001' modelSize='26363'/>
  <pieceOfFurniture catalogId='eTeks#kitchenCabinet' name='Kitchen cabinet' creator='eTeks' model='29' x='897.4429' y='844.7073' angle='2.6179938' width='59.7' depth='63.5' height='185.4' modelSize='11366' movable='false'/>
  <pieceOfFurniture catalogId='eTeks#kitchenCabinet' name='Kitchen cabinet' creator='eTeks' model='29' x='810.40656' y='896.4011' angle='2.6179938' width='144.0' depth='63.5' height='85.1' modelSize='11366' movable='false'/>
  <pieceOfFurniture catalogId='eTeks#cooker' name='Cooker' creator='eTeks' model='31' x='741.2684' y='865.8722' angle='4.1650796' width='59.7' depth='62.2' height='85.1' modelSize='42013'/>
  <pieceOfFurniture catalogId='eTeks#kitchenCabinet' name='Kitchen cabinet' creator='eTeks' model='29' x='713.58685' y='819.68005' angle='4.1650796' width='48.0' depth='63.0' height='85.1' modelSize='11366' movable='false'/>
  <pieceOfFurniture catalogId='eTeks#kitchenCabinet' name='Kitchen cabinet' creator='eTeks' model='29' x='733.05664' y='748.4905' angle='5.09749' width='165.0' depth='63.5' height='85.1' modelSize='11366' movable='false'/>
  <pieceOfFurniture catalogId='eTeks#sink' name='Sink' creator='eTeks' model='33' x='754.78156' y='694.14136' angle='5.09749' width='80.0' depth='63.5' height='106.0' modelSize='41849' movable='false'/>
  <pieceOfFurniture catalogId='eTeks#kitchenCabinet' name='Kitchen cabinet' creator='eTeks' model='29' x='782.6427' y='630.0645' angle='5.09749' width='59.7' depth='63.5' height='85.1' modelSize='11366' movable='false'/>
  <light catalogId='eTeks#wallUplight' name='Wall uplight' creator='eTeks' model='21' x='703.0388' y='757.9051' elevation='165.0' angle='5.09749' width='24.0' depth='12.0' height='26.0' modelSize='5211'/>
  <light catalogId='eTeks#wallUplight' name='Wall uplight' creator='eTeks' model='21' x='855.9345' y='898.4057' elevation='165.0' angle='2.6179938' width='24.0' depth='12.0' height='26.0' modelSize='5211'/>
  <light catalogId='eTeks#wallUplight' name='Wall uplight' creator='eTeks' model='21' x='785.6331' y='938.99426' elevation='165.0' angle='2.6179938' width='24.0' depth='12.0' height='26.0' modelSize='5211'/>
  <light catalogId='eTeks#wallUplight' name='Wall uplight' creator='eTeks' model='21' x='762.223' y='611.8938' elevation='165.0' angle='5.09749' width='24.0' depth='12.0' height='26.0' modelSize='5211'/>
  <light catalogId='eTeks#wallUplight' name='Wall uplight' creator='eTeks' model='21' x='981.5185' y='558.6314' elevation='165.0' width='24.0' depth='12.0' height='26.0' modelSize='5211'/>
  <light catalogId='eTeks#wallUplight' name='Wall uplight' creator='eTeks' model='21' x='1131.8965' y='739.0789' elevation='165.0' angle='2.6179938' width='24.0' depth='12.0' height='26.0' modelSize='5211'/>
  <pieceOfFurniture catalogId='eTeks#plant' name='Plant' creator='eTeks' model='15' x='1077.4025' y='748.13983' angle='2.6179938' width='58.4' depth='50.8' height='81.3' modelSize='113183'/>
  <pieceOfFurniture catalogId='eTeks#texturableBox' name='Box' creator='eTeks' model='17/texturableBox.obj' x='1031.1094' y='784.56665' elevation='80.0' angle='2.6179938' width='60.0' depth='34.0' height='5.0' modelSize='1661'/>
  <pieceOfFurniture catalogId='eTeks#texturableBox' name='Box' creator='eTeks' model='17/texturableBox.obj' x='1008.3512' y='797.7061' elevation='120.0' angle='2.6179938' width='60.0' depth='34.0' height='5.0' modelSize='1661'/>
  <doorOrWindow catalogId='eTeks#doorFrame' name='Door frame' creator='eTeks' model='3' x='574.17706' y='591.12134' angle='1.4446852' width='63.0' depth='9.678149' height='208.3' modelSize='1281' movable='false' cutOutShape='M0,0 v1 h1 v-1 z' wallCutOutOnBothSides='true'/>
  <doorOrWindow catalogId='eTeks#doorFrame' name='Door frame' creator='eTeks' model='3' x='650.25964' y='584.6923' angle='2.4221885' width='91.4' depth='9.678149' height='208.3' modelSize='1281' movable='false' cutOutShape='M0,0 v1 h1 v-1 z' wallCutOutOnBothSides='true'/>
  <pieceOfFurniture catalogId='eTeks#texturableBox' name='Box' creator='eTeks' model='17/texturableBox.obj' x='767.814' y='430.54166' elevation='120.0' angle='3.138945' width='60.0' depth='15.0' height='5.0' modelSize='1661'/>
  <pieceOfFurniture catalogId='eTeks#texturableBox' name='Box' creator='eTeks' model='17/texturableBox.obj' x='842.4472' y='430.34406' elevation='80.0' angle='3.138945' width='60.0' depth='15.0' height='5.0' modelSize='1661'/>
  <light catalogId='eTeks#wallUplight' name='Wall uplight' creator='eTeks' model='21' x='740.5958' y='536.8191' elevation='165.0' angle='3.1415927' width='24.0' depth='12.0' height='26.0' modelSize='5211'/>
  <light catalogId='eTeks#wallUplight' name='Wall uplight' creator='eTeks' model='21' x='768.10297' y='451.66098' elevation='165.0' angle='6.2805376' width='24.0' depth='12.0' height='26.0' modelSize='5211'/>
  <light catalogId='eTeks#wallUplight' name='Wall uplight' creator='eTeks' model='21' x='926.53125' y='451.24155' elevation='165.0' angle='6.2805376' width='24.0' depth='12.0' height='26.0' modelSize='5211'/>
  <light catalogId='eTeks#wallUplight' name='Wall uplight' creator='eTeks' model='21' x='989.3747' y='539.0115' elevation='165.0' angle='3.1415927' width='24.0' depth='12.0' height='26.0' modelSize='5211'/>
  <pieceOfFurniture catalogId='eTeks#table' name='Table' creator='eTeks' model='35' x='1309.0098' y='490.4187' angle='5.759587' width='220.0' depth='100.0' height='74.0' modelSize='5486'/>
  <pieceOfFurniture catalogId='eTeks#chair2' name='Chair' creator='eTeks' model='37' x='1387.6287' y='495.76065' angle='2.617994' width='48.600002' depth='49.9' height='80.0' modelSize='16429'/>
  <pieceOfFurniture catalogId='eTeks#chair2' name='Chair' creator='eTeks' model='37' x='1331.3262' y='529.80396' angle='2.617994' width='48.600002' depth='49.9' height='80.0' modelSize='16429'/>
  <pieceOfFurniture catalogId='eTeks#chair2' name='Chair' creator='eTeks' model='37' x='1273.7145' y='563.84753' angle='2.617994' width='48.600002' depth='49.9' height='80.0' modelSize='16429'/>
  <pieceOfFurniture catalogId='eTeks#chair2' name='Chair' creator='eTeks' model='37' x='1278.9517' y='448.62347' angle='5.7595863' width='48.600002' depth='49.9' height='80.0' modelSize='16429'/>
  <pieceOfFurniture catalogId='eTeks#chair2' name='Chair' creator='eTeks' model='37' x='1335.2542' y='414.58017' angle='5.7595863' width='48.600002' depth='49.9' height='80.0' modelSize='16429'/>
  <pieceOfFurniture catalogId='eTeks#chair2' name='Chair' creator='eTeks' model='37' x='1221.34' y='482.66708' angle='5.7595863' width='48.600002' depth='49.9' height='80.0' modelSize='16429'/>
  <doorOrWindow catalogId='eTeks#doorFrame' name='Door frame' creator='eTeks' model='3' x='1486.5173' y='364.33414' angle='1.0471975' width='167.0' depth='9.678149' height='208.3' modelSize='1281' movable='false' cutOutShape='M0,0 v1 h1 v-1 z' wallCutOutOnBothSides='true'/>
  <pieceOfFurniture catalogId='eTeks#texturableBox' name='Box' creator='eTeks' model='17/texturableBox.obj' x='1230.9376' y='53.792572' angle='1.5707964' width='82.0' depth='191.0' height='91.4' modelSize='1661'/>
  <pieceOfFurniture catalogId='eTeks#curtains' name='Curtains' creator='eTeks' model='19/curtains.obj' x='1305.3113' y='56.897724' elevation='8.5' angle='1.0471976' width='88.0' depth='24.0' height='210.0' modelSize='38679'/>
  <pieceOfFurniture catalogId='eTeks#curtains' name='Curtains' creator='eTeks' model='19/curtains.obj' x='1165.4948' y='56.89783' elevation='8.5' angle='5.2359877' width='88.0' depth='24.0' height='210.0' modelSize='38679'/>
  <pieceOfFurniture catalogId='eTeks#curtains' name='Curtains' creator='eTeks' model='19/curtains.obj' x='1228.919' y='24.792658' elevation='8.5' width='88.0' depth='24.0' height='210.0' modelSize='38679'/>
  <pieceOfFurniture catalogId='eTeks#plant' name='Plant' creator='eTeks' model='15' x='1314.2153' y='131.89313' angle='2.6179938' width='58.4' depth='50.8' height='81.3' modelSize='113183'/>
  <pieceOfFurniture catalogId='eTeks#plant' name='Plant' creator='eTeks' model='15' x='1521.0433' y='490.1299' angle='2.6179938' width='58.4' depth='50.8' height='81.3' modelSize='113183'/>
  <pieceOfFurniture catalogId='eTeks#flatTV' name='Flat TV' creator='eTeks' model='39' x='1002.4913' y='422.4203' elevation='50.0' angle='3.138945' width='121.0' depth='30.0' height='79.3' modelSize='13041'/>
  <pieceOfFurniture catalogId='eTeks#cornerSofa' name='Corner sofa' creator='eTeks' model='41' x='1023.1167' y='211.50415' angle='4.712389' width='233.0' depth='167.6' height='87.0' modelSize='364199'/>
  <pieceOfFurniture catalogId='eTeks#plant' name='Plant' creator='eTeks' model='15' x='1400.5454' y='281.42108' angle='2.6179938' width='58.4' depth='50.8' height='81.3' modelSize='113183'/>
  <pieceOfFurniture catalogId='eTeks#curtains' name='Curtains' creator='eTeks' model='19/curtains.obj' x='1476.4636' y='372.59866' elevation='8.5' angle='1.0471975' width='167.0' depth='16.0' height='225.0' modelSize='38679'/>
  <pieceOfFurniture catalogId='eTeks#frame' name='Frame' creator='eTeks' model='23/frame.obj' x='940.4166' y='168.29135' elevation='150.0' angle='4.712389' width='50.0' depth='2.2' height='35.0' modelSize='3155'/>
  <pieceOfFurniture catalogId='eTeks#frame' name='Frame' creator='eTeks' model='23/frame.obj' x='1395.8372' y='217.06615' elevation='150.0' angle='1.0471975' width='50.0' depth='2.2' height='35.0' modelSize='3155'/>
  <pieceOfFurniture catalogId='eTeks#frame' name='Frame' creator='eTeks' model='23/frame.obj' x='1456.5688' y='555.4133' elevation='150.0' angle='2.617996' width='50.0' depth='2.2' height='35.0' modelSize='3155'/>
  <pieceOfFurniture catalogId='eTeks#frame' name='Frame' creator='eTeks' model='23/frame.obj' x='1294.543' y='648.95856' elevation='150.0' angle='2.617996' width='50.0' depth='2.2' height='35.0' modelSize='3155'/>
  <shelfUnit catalogId='eTeks#bookcase' name='Bookcase' creator='eTeks' model='43' x='1368.4475' y='211.82579' angle='1.0471975' width='100.3' depth='40.0' height='210.8' modelSize='3516'/>
  <pieceOfFurniture catalogId='eTeks#desk' name='Desk' creator='eTeks' model='45' x='492.74838' y='822.2213' angle='3.1415927' width='106.0' depth='56.0' height='77.0' modelSize='16760'/>
  <pieceOfFurniture catalogId='eTeks#dishwasher' name='Dishwasher' creator='eTeks' model='47' x='730.6696' y='760.01587' angle='5.09749' width='59.7' depth='64.8' height='85.1' modelSize='7169'/>
  <pieceOfFurniture catalogId='eTeks#clothesWasher' name='Clothes washer' creator='eTeks' model='49' x='409.89838' y='826.7116' angle='3.1415927' width='59.7' depth='62.9' height='85.1' modelSize='24815'/>
  <pieceOfFurniture catalogId='eTeks#kitchenCabinet' name='Kitchen cabinet' creator='eTeks' model='29' x='409.89838' y='826.4116' angle='3.1415927' width='59.7' depth='63.5' height='200.0' modelSize='11366' movable='false'/>
  <doorOrWindow catalogId='eTeks#sliderWindow126x200' name='Slider window' creator='eTeks' model='5' x='485.39453' y='861.73126' elevation='100.0' angle='6.1609416' width='100.0' depth='8.1297655' height='100.0' modelSize='7950' movable='false' cutOutShape='M0,0 v1 h1 v-1 z' wallCutOutOnBothSides='true'/>
  <doorOrWindow catalogId='eTeks#door' name='Door' creator='eTeks' model='1' x='366.47702' y='662.02527' angle='1.5707964' width='91.4' depth='14.839428' height='208.3' modelSize='14086' movable='false' cutOutShape='M0,0 v1 h1 v-1 z' wallCutOutOnBothSides='true'/>
  <pieceOfFurniture catalogId='eTeks#texturableBox' name='Box' creator='eTeks' model='17/texturableBox.obj' x='560.25226' y='686.9048' elevation='120.0' angle='1.5707964' width='60.0' depth='34.0' height='5.0' modelSize='1661'/>
  <pieceOfFurniture catalogId='eTeks#texturableBox' name='Box' creator='eTeks' model='17/texturableBox.obj' x='560.25226' y='747.58624' elevation='80.0' angle='1.5707964' width='60.0' depth='34.0' height='5.0' modelSize='1661'/>
  <pieceOfFurniture catalogId='eTeks#plant' name='Plant' creator='eTeks' model='15' x='548.05225' y='670.96765' angle='1.7484555E-7' width='58.4' depth='50.8' height='81.3' modelSize='113183'/>
  <pieceOfFurniture catalogId='eTeks#plant' name='Plant' creator='eTeks' model='15' x='398.2803' y='724.4975' angle='4.712389' width='58.4' depth='50.8' height='81.3' modelSize='113183'/>
  <pieceOfFurniture catalogId='eTeks#plant' name='Plant' creator='eTeks' model='15' x='1134.3331' y='120.40415' angle='1.7484555E-7' width='58.4' depth='50.8' height='81.3' modelSize='113183'/>
  <pieceOfFurniture catalogId='eTeks#kitchenCabinet' name='Kitchen cabinet' creator='eTeks' model='29' x='1045.5284' y='570.6315' width='75.0' depth='36.0' height='85.1' modelSize='11366' movable='false'/>
  <pieceOfFurniture catalogId='eTeks#kitchenCabinet' name='Kitchen cabinet' creator='eTeks' model='29' x='1079.4847' y='571.3293' angle='1.1391174' width='31.0' depth='20.0' height='85.1' modelSize='11366' movable='false'/>
  <doorOrWindow catalogId='eTeks#sliderWindow126x200' name='Slider window' creator='eTeks' model='5' x='1061.5984' y='91.44866' elevation='100.0' angle='1.7484555E-7' width='100.0' depth='8.1297655' height='100.0' modelSize='7950' movable='false' cutOutShape='M0,0 v1 h1 v-1 z' wallCutOutOnBothSides='true'/>
  <pieceOfFurniture catalogId='eTeks#plant' name='Plant' creator='eTeks' model='15' x='1185.7627' y='682.582' elevation='100.0' angle='2.617996' width='58.4' depth='50.8' height='81.3' modelSize='113183'/>
  <pieceOfFurniture catalogId='eTeks#wardrobe' name='Wardrobe' creator='eTeks' model='13' x='423.0303' y='580.1505' angle='1.7484555E-7' width='100.3' depth='54.0' height='200.0' modelSize='23218'/>
  <wall id='wall-aae20d1b-6399-41ad-b23c-57284a5d18e1' wallAtStart='wall-c83af086-1be8-49e5-b36f-c50fd8e39f9c' wallAtEnd='wall-54244c95-6c3a-4583-9d1c-b26c0a0bafa8' xStart='1085.4683' yStart='548.8215' xEnd='1167.8923' yEnd='727.7496' height='243.84' thickness='7.62' pattern='hatchUp'/>
  <wall id='wall-54244c95-6c3a-4583-9d1c-b26c0a0bafa8' wallAtStart='wall-aae20d1b-6399-41ad-b23c-57284a5d18e1' xStart='1167.8923' yStart='727.7496' xEnd='1569.729' yEnd='495.75018' height='243.84' thickness='7.62' pattern='hatchUp'/>
  <wall id='wall-0168db1b-c396-4874-aa5f-1fe3dc333eef' xStart='1328.8345' yStart='91.19414' xEnd='1562.2461' yEnd='495.47485' height='243.84' thickness='7.62' pattern='hatchUp'/>
  <wall id='wall-2823a8db-ed13-4431-a0b5-97728abac1dc' wallAtEnd='wall-10c1cc79-cc89-41b1-9b95-2c8e6aae61ed' xStart='1171.1394' yStart='727.7496' xEnd='760.6435' yEnd='964.7496' height='243.84' thickness='7.62' pattern='hatchUp'/>
  <wall id='wall-10c1cc79-cc89-41b1-9b95-2c8e6aae61ed' wallAtStart='wall-2823a8db-ed13-4431-a0b5-97728abac1dc' wallAtEnd='wall-78e4b876-1e7e-4cd9-bd67-fd6a36c5d336' xStart='760.6435' yStart='964.7496' xEnd='669.34033' yEnd='814.9272' height='243.84' thickness='7.62' pattern='hatchUp'/>
  <wall id='wall-78e4b876-1e7e-4cd9-bd67-fd6a36c5d336' wallAtStart='wall-10c1cc79-cc89-41b1-9b95-2c8e6aae61ed' xStart='669.34033' yStart='814.9272' xEnd='777.5033' yEnd='548.082' height='243.84' thickness='7.62' pattern='hatchUp'/>
  <wall id='wall-c83af086-1be8-49e5-b36f-c50fd8e39f9c' wallAtEnd='wall-aae20d1b-6399-41ad-b23c-57284a5d18e1' xStart='779.0594' yStart='548.8215' xEnd='1085.4683' yEnd='548.8215' height='243.84' thickness='7.62' pattern='hatchUp'/>
  <wall id='wall-e6f87fd3-990b-45df-87e8-230cb9fe28f5' wallAtEnd='wall-31f4bb71-d5b0-43cb-b7d0-8bb74dc9c128' xStart='815.6296' yStart='91.31477' xEnd='815.6296' yEnd='-8.685265' height='243.84' thickness='7.62' pattern='hatchUp'/>
  <wall id='wall-31f4bb71-d5b0-43cb-b7d0-8bb74dc9c128' wallAtStart='wall-e6f87fd3-990b-45df-87e8-230cb9fe28f5' wallAtEnd='wall-753070ae-6dff-428a-bb6a-f43d47cd31cf' xStart='815.6296' yStart='-8.685265' xEnd='605.4281' yEnd='-8.68528' height='243.84' thickness='7.62' pattern='hatchUp'/>
  <wall id='wall-753070ae-6dff-428a-bb6a-f43d47cd31cf' wallAtStart='wall-31f4bb71-d5b0-43cb-b7d0-8bb74dc9c128' xStart='605.4281' yStart='-8.68528' xEnd='605.4281' yEnd='91.19414' height='243.84' thickness='7.62' pattern='hatchUp'/>
  <wall id='wall-468200a3-4afb-4319-91dc-98255e3ea676' xStart='548.9031' yStart='86.92485' xEnd='548.9031' yEnd='436.9248' height='243.84' thickness='7.62' pattern='hatchUp'/>
  <wall id='wall-38b7341b-1ae4-491a-8a10-c2d8e0bef7a3' wallAtStart='wall-282facf6-66c1-4836-9421-af79233c0685' xStart='935.50665' yStart='417.13904' xEnd='885.50665' yEnd='417.13904' height='243.84' thickness='39.0' pattern='hatchUp'/>
  <wall id='wall-f839f89b-ebd2-4a6f-9b90-e9c3a199ef5d' wallAtEnd='wall-259a6168-6407-4702-b88a-61433e7ad2d0' xStart='1129.9028' yStart='86.92485' xEnd='1174.9028' yEnd='8.982571' height='243.84' thickness='7.62' pattern='hatchUp'/>
  <wall id='wall-259a6168-6407-4702-b88a-61433e7ad2d0' wallAtStart='wall-f839f89b-ebd2-4a6f-9b90-e9c3a199ef5d' wallAtEnd='wall-7af9fc91-40bd-4b5f-9dbe-73d594244e79' xStart='1174.9028' yStart='8.982571' xEnd='1295.9033' yEnd='8.982571' height='243.84' thickness='7.62' pattern='hatchUp'/>
  <wall id='wall-7af9fc91-40bd-4b5f-9dbe-73d594244e79' wallAtStart='wall-259a6168-6407-4702-b88a-61433e7ad2d0' wallAtEnd='wall-22fed774-a0b0-42fc-b04e-e95dc5eb8dc5' xStart='1295.9033' yStart='8.982571' xEnd='1332.4033' yEnd='72.20242' height='243.84' thickness='7.62' pattern='hatchUp'/>
  <wall id='wall-22fed774-a0b0-42fc-b04e-e95dc5eb8dc5' wallAtStart='wall-7af9fc91-40bd-4b5f-9dbe-73d594244e79' xStart='1332.4033' yStart='72.20242' xEnd='1332.4033' yEnd='91.19414' height='243.84' thickness='7.62' pattern='hatchUp'/>
  <wall id='wall-32596bd2-0eb5-4ff9-aa3f-dd487bbcfc30' xStart='568.0703' yStart='549.3405' xEnd='369.0703' yEnd='549.3405' height='243.84' thickness='7.62' pattern='hatchUp'/>
  <wall id='wall-f08ac42a-c6e3-4703-8879-7f1d7bf1dfc6' wallAtEnd='wall-8210baa3-f4b4-4d92-bc9f-60bb3cd41e7b' xStart='369.0703' yStart='549.3405' xEnd='369.0703' yEnd='861.9716' height='243.84' thickness='7.62' pattern='hatchUp'/>
  <wall id='wall-8210baa3-f4b4-4d92-bc9f-60bb3cd41e7b' wallAtStart='wall-f08ac42a-c6e3-4703-8879-7f1d7bf1dfc6' xStart='369.0703' yStart='861.9716' xEnd='487.9812' yEnd='861.9716' height='243.84' thickness='7.62' pattern='hatchUp'/>
  <wall id='wall-53753106-eb50-4c51-8dbb-862aa3959834' wallAtEnd='wall-77e8cb02-fcbb-494e-b882-a633d0af8ddc' xStart='581.06226' yStart='845.32697' xEnd='581.06226' yEnd='645.32697' height='243.84' thickness='7.62' pattern='hatchUp'/>
  <wall id='wall-77e8cb02-fcbb-494e-b882-a633d0af8ddc' wallAtStart='wall-53753106-eb50-4c51-8dbb-862aa3959834' xStart='581.06226' yStart='645.32697' xEnd='568.2852' yEnd='544.5489' height='243.84' thickness='7.62' pattern='hatchUp'/>
  <wall id='wall-bd705f9b-9fa9-416e-8fad-cc6f2e9f1a8d' wallAtEnd='wall-63325bcb-e95d-4e97-a710-0457b867040b' xStart='581.06226' yStart='645.32697' xEnd='693.72925' yEnd='546.6291' height='243.84' thickness='7.62' pattern='hatchUp'/>
  <wall id='wall-63325bcb-e95d-4e97-a710-0457b867040b' wallAtStart='wall-bd705f9b-9fa9-416e-8fad-cc6f2e9f1a8d' xStart='693.72925' yStart='546.6291' xEnd='779.0594' yEnd='546.6291' height='243.84' thickness='7.62' pattern='hatchUp'/>
  <wall id='wall-f4fe5786-25a7-4696-9bb7-c62c9b8753ea' xStart='602.2945' yStart='626.1728' xEnd='580.5537' yEnd='707.3105' height='243.84' thickness='7.62' pattern='hatchUp'/>
  <wall id='wall-abbedfe8-c255-4d42-8cc1-8f776e3347dd' xStart='481.35046' yStart='861.9716' xEnd='682.5514' yEnd='837.25287' height='243.84' thickness='7.62' pattern='hatchUp'/>
  <wall id='wall-2f173b5b-1053-4325-a993-cfe9aee1d176' xStart='548.9031' yStart='442.4439' xEnd='548.9031' yEnd='548.8215' height='243.84' thickness='7.62' pattern='hatchUp'/>
  <wall id='wall-c473895a-b3ac-4117-86b2-540d70a27fad' wallAtEnd='wall-16a69129-1aa0-41e3-8854-76b2794fd467' xStart='544.1287' yStart='442.4439' xEnd='605.4281' yEnd='442.28162' height='243.84' thickness='7.62' pattern='hatchUp'/>
  <wall id='wall-16a69129-1aa0-41e3-8854-76b2794fd467' wallAtStart='wall-c473895a-b3ac-4117-86b2-540d70a27fad' xStart='605.4281' yStart='442.28162' xEnd='1077.1287' yEnd='441.03278' height='243.84' thickness='7.62' pattern='hatchUp'/>
  <wall id='wall-f15098be-2864-4529-bfee-ea380f88e3b3' xStart='1073.9031' yStart='86.92485' xEnd='1073.9031' yEnd='91.19415' height='243.84' thickness='7.62' pattern='hatchUp'/>
  <wall id='wall-437fd0ec-d5f3-4030-a0ec-00b77b9b1d89' wallAtEnd='wall-51164476-c598-49b6-874b-f9403bead662' xStart='1135.6296' yStart='91.19415' xEnd='815.6296' yEnd='91.19415' height='243.84' thickness='7.62' pattern='hatchUp'/>
  <wall id='wall-51164476-c598-49b6-874b-f9403bead662' wallAtStart='wall-437fd0ec-d5f3-4030-a0ec-00b77b9b1d89' xStart='815.6296' yStart='91.19415' xEnd='810.35614' yEnd='91.19415' height='243.84' thickness='7.62' pattern='hatchUp'/>
  <wall id='wall-3f6b87f3-8158-4815-8a7a-7f19bd6e904d' wallAtStart='wall-99341cc6-51bf-4884-9596-e0dc6fdf6839' xStart='605.4281' yStart='90.72005' xEnd='610.1287' yEnd='90.72005' height='243.84' thickness='7.62' pattern='hatchUp'/>
  <wall id='wall-d739e9fe-f7b9-45a1-847c-33ca6986fa5c' wallAtEnd='wall-99341cc6-51bf-4884-9596-e0dc6fdf6839' xStart='544.1287' yStart='90.72005' xEnd='548.9031' yEnd='90.72005' height='243.84' thickness='7.62' pattern='hatchUp'/>
  <wall id='wall-99341cc6-51bf-4884-9596-e0dc6fdf6839' wallAtStart='wall-d739e9fe-f7b9-45a1-847c-33ca6986fa5c' wallAtEnd='wall-3f6b87f3-8158-4815-8a7a-7f19bd6e904d' xStart='548.9031' yStart='90.72005' xEnd='605.4281' yEnd='90.72005' height='243.84' thickness='7.62' pattern='hatchUp'/>
  <wall id='wall-282facf6-66c1-4836-9421-af79233c0685' wallAtStart='wall-38b7341b-1ae4-491a-8a10-c2d8e0bef7a3' xStart='935.50665' yStart='417.13904' xEnd='935.50665' yEnd='90.72005' height='243.84' thickness='7.62' pattern='hatchUp'/>
  <room id='room-16578b84-0653-46ec-bab0-446f4776d41e' name='Kontor' nameXOffset='-4.7746277' nameYOffset='25.253052' areaVisible='true' areaXOffset='-1.5914917' areaYOffset='55.703857' ceilingFlat='true'>
    <point x='372.8803' y='553.1505'/>
    <point x='372.8803' y='858.1616'/>
    <point x='487.9812' y='858.1616'/>
    <point x='577.25226' y='845.32697'/>
    <point x='577.25226' y='645.5676'/>
    <point x='565.5353' y='553.1505'/>
    <point x='372.8803' y='553.1505'/>
    <point x='372.8803' y='858.1616'/>
  </room>
  <room id='room-3bf33e1f-341b-425c-afd6-f290d637d0f3' name='Køkken' areaVisible='true' ceilingFlat='true'>
    <point x='828.1879' y='548.7964'/>
    <point x='828.1879' y='552.6315'/>
    <point x='779.77026' y='552.6315'/>
    <point x='673.5915' y='814.58154'/>
    <point x='761.96075' y='959.5897'/>
    <point x='1163.66' y='727.66833'/>
    <point x='1140.9152' y='678.29315'/>
    <point x='1144.3777' y='676.69794'/>
    <point x='1106.0905' y='593.5831'/>
    <point x='1102.6278' y='595.17816'/>
    <point x='1083.0284' y='552.63135'/>
    <point x='920.7874' y='552.6314'/>
    <point x='920.7874' y='548.7964'/>
  </room>
  <room id='room-36ca08c8-913e-4575-a24d-b6a57fd7855f' name='Bad' nameXOffset='-38.1969' areaVisible='true' areaXOffset='-33.422302' areaYOffset='-14.323853' ceilingFlat='true'>
    <point x='584.87225' y='845.32697'/>
    <point x='676.591' y='834.1465'/>
    <point x='665.0891' y='815.2727'/>
    <point x='772.43677' y='550.4391'/>
    <point x='695.1621' y='550.4391'/>
    <point x='595.1726' y='638.03125'/>
    <point x='577.25226' y='706.4259'/>
    <point x='584.87225' y='845.32697'/>
  </room>
  <room id='room-e029bc32-c87e-4352-a0e7-82024d2ba01f' name='Stue' nameXOffset='-38.1969' nameYOffset='12.520752' areaVisible='true' areaXOffset='-39.788452' areaYOffset='60.478424' ceilingVisible='false' ceilingFlat='true'>
    <point x='1169.605' y='722.3613'/>
    <point x='1558.9465' y='497.37985'/>
    <point x='1325.5349' y='93.09914'/>
    <point x='1336.2134' y='71.18164'/>
    <point x='1293.7035' y='12.792569'/>
    <point x='1177.1025' y='12.792559'/>
    <point x='1132.1024' y='90.73485'/>
    <point x='935.50665' y='90.73486'/>
    <point x='935.50665' y='397.63904'/>
    <point x='935.50665' y='436.63904'/>
    <point x='1077.7131' y='436.9248'/>
    <point x='1087.908' y='545.0115'/>
    <point x='1169.605' y='722.3613'/>
  </room>
  <room id='room-bb95a1ac-9921-4c88-a877-f67c7fd9daf3' name='Soveværelse' nameXOffset='-56.302612' nameYOffset='9.755768' areaVisible='true' areaXOffset='-58.921265' areaYOffset='54.993225' ceilingVisible='false' ceilingFlat='true'>
    <point x='885.50665' y='436.92477'/>
    <point x='885.50665' y='397.63904'/>
    <point x='931.69666' y='397.63904'/>
    <point x='931.69666' y='95.00415'/>
    <point x='810.35614' y='95.00415'/>
    <point x='811.8196' y='-4.8752646'/>
    <point x='609.2381' y='-4.8752823'/>
    <point x='604.4281' y='94.530045'/>
    <point x='545.0931' y='94.530045'/>
    <point x='552.7131' y='436.9248'/>
    <point x='1070.093' y='436.9248'/>
  </room>
  <room id='room-23d87198-cf13-4738-bd25-f668a014b8d2' name='Entre' nameXOffset='-154.37921' nameYOffset='-52.7323' areaVisible='true' areaXOffset='-154.37921' areaYOffset='-17.506958' ceilingVisible='false' ceilingFlat='true'>
    <point x='1087.908' y='545.0115'/>
    <point x='1077.1388' y='444.84277'/>
    <point x='552.7131' y='446.2312'/>
    <point x='552.7131' y='545.5305'/>
    <point x='572.06494' y='544.0697'/>
    <point x='583.94086' y='637.74005'/>
    <point x='692.2964' y='542.8191'/>
    <point x='1087.908' y='545.0115'/>
  </room>
</home>