<?xml version='1.0'?>
<home version='7200' exportFlags='17' name='Flensborggade40_2_kommende_indrettet.sh3d' camera='topCamera' wallHeight='243.84'>
  <environment groundColor='00A8A8A8' skyColor='00CCE4FC' lightColor='00D0D0D0'/>
  <observerCamera attribute='observerCamera' lens='PINHOLE' x='50.0' y='50.0' z='170.0' yaw='5.4977875' pitch='0.19634955' fieldOfView='1.0995575' time='1710504000000'/>
  <camera attribute='topCamera' lens='PINHOLE' x='-209.09894' y='359.7326' z='946.0946' yaw='36.226368' pitch='0.58999974' fieldOfView='1.0995575' time='1710504000000'/>
  <doorOrWindow catalogId='eTeks#door' name='Door' creator='eTeks' model='1' x='667.28827' y='439.52454' angle='3.138945' width='91.4' depth='14.839428' height='208.3' modelSize='14086' movable='false' cutOutShape='M0,0 v1 h1 v-1 z' wallCutOutOnBothSides='true'/>
  <doorOrWindow catalogId='eTeks#doorFrame' name='Door frame' creator='eTeks' model='3' x='874.4877' y='548.8341' width='91.4' depth='9.678149' height='208.3' modelSize='1281' movable='false' cutOutShape='M0,0 v1 h1 v-1 z' wallCutOutOnBothSides='true'/>
  <doorOrWindow catalogId='eTeks#sliderWindow126x200' name='Slider window' creator='eTeks' model='5' x='717.9888' y='894.0377' elevation='100.0' angle='1.0310955' width='100.0' depth='8.1297655' height='100.0' modelSize='7950' movable='false' cutOutShape='M0,0 v1 h1 v-1 z' wallCutOutOnBothSides='true'/>
  <pieceOfFurniture catalogId='eTeks#toiletUnit' name='Toilet unit' creator='eTeks' model='7' x='657.44446' y='727.6515' angle='1.9558975' width='40.0' depth='80.0' height='62.2' modelSize='125874' movable='false'/>
  <pieceOfFurniture catalogId='eTeks#washbasin' name='Washbasin' creator='eTeks' model='9' x='709.78015' y='646.29846' angle='1.9558975' width='55.9' depth='47.0' height='96.5' modelSize='239991' movable='false'/>
  <pieceOfFurniture catalogId='eTeks#wardrobe' name='Wardrobe' creator='eTeks' model='11' x='579.7131' y='144.68001' angle='4.712389' width='100.3' depth='54.0' height='200.0' modelSize='23218'/>
  <pieceOfFurniture catalogId='eTeks#wardrobe' name='Wardrobe' creator='eTeks' model='11' x='580.2131' y='370.13004' angle='4.712389' width='124.0' depth='55.0' height='200.0' modelSize='23218'/>
  <pieceOfFurniture catalogId='eTeks#wardrobe' name='Wardrobe' creator='eTeks' model='11' x='579.7131' y='248.63004' angle='4.712389' width='119.0' depth='54.0' height='200.0' modelSize='23218'/>
  <pieceOfFurniture catalogId='eTeks#curtains' name='Curtains' creator='eTeks' model='13/curtains.obj' x='717.17786' y='6.5747275' elevation='8.5' angle='7.2591256E-8' width='150.0' depth='22.9' height='210.0' modelSize='38679'/>
  <pieceOfFurniture catalogId='eTeks#curtains' name='Curtains' creator='eTeks' model='13/curtains.obj' x='621.2381' y='47.5346' elevation='8.5' angle='4.712389' width='88.0' depth='24.0' height='210.0' modelSize='38679'/>
  <pieceOfFurniture catalogId='eTeks#curtains' name='Curtains' creator='eTeks' model='13/curtains.obj' x='799.8196' y='46.46142' elevation='8.5' angle='1.5707964' width='88.0' depth='24.0' height='210.0' modelSize='38679'/>
  <pieceOfFurniture catalogId='eTeks#texturableBox' name='Box' creator='eTeks' model='15/texturableBox.obj' x='711.2381' y='39.62473' angle='1.5707964' width='89.0' depth='204.0' height='91.4' modelSize='1661'/>
  <light catalogId='eTeks#wallUplight' name='Wall uplight' creator='eTeks' model='17' x='925.69666' y='323.5075' elevation='165.0' angle='1.5707964' width='24.0' depth='12.0' height='26.0' modelSize='5211'/>
  <light catalogId='eTeks#wallUplight' name='Wall uplight' creator='eTeks' model='17' x='925.69666' y='196.49933' elevation='165.0' angle='1.5707964' width='24.0' depth='12.0' height='26.0' modelSize='5211'/>
  <pieceOfFurniture catalogId='eTeks#frame' name='Frame' creator='eTeks' model='19/frame.obj' x='840.0265' y='436.7505' elevation='150.0' angle='3.138945' width='50.0' depth='2.2' height='35.0' modelSize='3155'/>
  <pieceOfFurniture catalogId='eTeks#fridgeFreezer' name='Fridge &amp; Freezer' creator='eTeks' model='21' x='949.14453' y='814.85724' angle='2.6179938' width='59.7' depth='63.5' height='185.40001' modelSize='26363'/>
  <pieceOfFurniture catalogId='eTeks#kitchenCabinet' name='Kitchen cabinet' creator='eTeks' model='23' x='897.4429' y='844.7073' angle='2.6179938' width='59.7' depth='63.5' height='185.4' modelSize='11366' movable='false'/>
  <pieceOfFurniture catalogId='eTeks#kitchenCabinet' name='Kitchen cabinet' creator='eTeks' model='23' x='810.40656' y='896.4011' angle='2.6179938' width='144.0' depth='63.5' height='85.1' modelSize='11366' movable='false'/>
  <pieceOfFurniture catalogId='eTeks#cooker' name='Cooker' creator='eTeks' model='25' x='741.2684' y='865.8722' angle='4.1650796' width='59.7' depth='62.2' height='85.1' modelSize='42013'/>
  <pieceOfFurniture catalogId='eTeks#kitchenCabinet' name='Kitchen cabinet' creator='eTeks' model='23' x='713.58685' y='819.68005' angle='4.1650796' width='48.0' depth='63.0' height='85.1' modelSize='11366' movable='false'/>
  <pieceOfFurniture catalogId='eTeks#kitchenCabinet' name='Kitchen cabinet' creator='eTeks' model='23' x='733.05664' y='748.4905' angle='5.09749' width='165.0' depth='63.5' height='85.1' modelSize='11366' movable='false'/>
  <pieceOfFurniture catalogId='eTeks#sink' name='Sink' creator='eTeks' model='27' x='754.78156' y='694.14136' angle='5.09749' width='80.0' depth='63.5' height='106.0' modelSize='41849' movable='false'/>
  <pieceOfFurniture catalogId='eTeks#kitchenCabinet' name='Kitchen cabinet' creator='eTeks' model='23' x='782.6427' y='630.0645' angle='5.09749' width='59.7' depth='63.5' height='85.1' modelSize='11366' movable='false'/>
  <light catalogId='eTeks#wallUplight' name='Wall uplight' creator='eTeks' model='17' x='703.0388' y='757.9051' elevation='165.0' angle='5.09749' width='24.0' depth='12.0' height='26.0' modelSize='5211'/>
  <light catalogId='eTeks#wallUplight' name='Wall uplight' creator='eTeks' model='17' x='855.9345' y='898.4057' elevation='165.0' angle='2.6179938' width='24.0' depth='12.0' height='26.0' modelSize='5211'/>
  <light catalogId='eTeks#wallUplight' name='Wall uplight' creator='eTeks' model='17' x='785.6331' y='938.99426' elevation='165.0' angle='2.6179938' width='24.0' depth='12.0' height='26.0' modelSize='5211'/>
  <light catalogId='eTeks#wallUplight' name='Wall uplight' creator='eTeks' model='17' x='762.223' y='611.8938' elevation='165.0' angle='5.09749' width='24.0' depth='12.0' height='26.0' modelSize='5211'/>
  <light catalogId='eTeks#wallUplight' name='Wall uplight' creator='eTeks' model='17' x='981.5185' y='558.6314' elevation='165.0' width='24.0' depth='12.0' height='26.0' modelSize='5211'/>
  <pieceOfFurniture catalogId='eTeks#plant' name='Plant' creator='eTeks' model='29' x='1113.2937' y='725.67224' angle='2.6179938' width='58.4' depth='50.8' height='81.3' modelSize='113183'/>
  <doorOrWindow catalogId='eTeks#doorFrame' name='Door frame' creator='eTeks' model='3' x='574.17706' y='591.12134' angle='1.4446852' width='63.0' depth='9.678149' height='208.3' modelSize='1281' movable='false' cutOutShape='M0,0 v1 h1 v-1 z' wallCutOutOnBothSides='true'/>
  <doorOrWindow catalogId='eTeks#doorFrame' name='Door frame' creator='eTeks' model='3' x='650.25964' y='584.6923' angle='2.4221885' width='91.4' depth='9.678149' height='208.3' modelSize='1281' movable='false' cutOutShape='M0,0 v1 h1 v-1 z' wallCutOutOnBothSides='true'/>
  <pieceOfFurniture catalogId='eTeks#texturableBox' name='Box' creator='eTeks' model='15/texturableBox.obj' x='767.814' y='430.54166' elevation='120.0' angle='3.138945' width='60.0' depth='15.0' height='5.0' modelSize='1661'/>
  <pieceOfFurniture catalogId='eTeks#texturableBox' name='Box' creator='eTeks' model='15/texturableBox.obj' x='842.4472' y='430.34406' elevation='80.0' angle='3.138945' width='60.0' depth='15.0' height='5.0' modelSize='1661'/>
  <light catalogId='eTeks#wallUplight' name='Wall uplight' creator='eTeks' model='17' x='740.5958' y='536.8191' elevation='165.0' angle='3.1415927' width='24.0' depth='12.0' height='26.0' modelSize='5211'/>
  <light catalogId='eTeks#wallUplight' name='Wall uplight' creator='eTeks' model='17' x='768.10297' y='451.66098' elevation='165.0' angle='6.2805376' width='24.0' depth='12.0' height='26.0' modelSize='5211'/>
  <light catalogId='eTeks#wallUplight' name='Wall uplight' creator='eTeks' model='17' x='926.53125' y='451.24155' elevation='165.0' angle='6.2805376' width='24.0' depth='12.0' height='26.0' modelSize='5211'/>
  <light catalogId='eTeks#wallUplight' name='Wall uplight' creator='eTeks' model='17' x='989.3747' y='539.0115' elevation='165.0' angle='3.1415927' width='24.0' depth='12.0' height='26.0' modelSize='5211'/>
  <pieceOfFurniture catalogId='eTeks#chair2' name='Chair' creator='eTeks' model='31' x='1387.6287' y='495.76065' angle='2.617994' width='48.600002' depth='49.9' height='80.0' modelSize='16429'/>
  <pieceOfFurniture catalogId='eTeks#chair2' name='Chair' creator='eTeks' model='31' x='1331.3262' y='529.80396' angle='2.617994' width='48.600002' depth='49.9' height='80.0' modelSize='16429'/>
  <pieceOfFurniture catalogId='eTeks#chair2' name='Chair' creator='eTeks' model='31' x='1273.7145' y='563.84753' angle='2.617994' width='48.600002' depth='49.9' height='80.0' modelSize='16429'/>
  <pieceOfFurniture catalogId='eTeks#chair2' name='Chair' creator='eTeks' model='31' x='1278.9517' y='448.62347' angle='5.7595863' width='48.600002' depth='49.9' height='80.0' modelSize='16429'/>
  <pieceOfFurniture catalogId='eTeks#chair2' name='Chair' creator='eTeks' model='31' x='1335.2542' y='414.58017' angle='5.7595863' width='48.600002' depth='49.9' height='80.0' modelSize='16429'/>
  <pieceOfFurniture catalogId='eTeks#chair2' name='Chair' creator='eTeks' model='31' x='1221.34' y='482.66708' angle='5.7595863' width='48.600002' depth='49.9' height='80.0' modelSize='16429'/>
  <doorOrWindow catalogId='eTeks#doorFrame' name='Door frame' creator='eTeks' model='3' x='1486.5173' y='364.33414' angle='1.0471975' width='167.0' depth='9.678149' height='208.3' modelSize='1281' movable='false' cutOutShape='M0,0 v1 h1 v-1 z' wallCutOutOnBothSides='true'/>
  <pieceOfFurniture catalogId='eTeks#texturableBox' name='Box' creator='eTeks' model='15/texturableBox.obj' x='1230.9376' y='53.792572' angle='1.5707964' width='82.0' depth='191.0' height='91.4' modelSize='1661'/>
  <pieceOfFurniture catalogId='eTeks#curtains' name='Curtains' creator='eTeks' model='13/curtains.obj' x='1305.3113' y='56.897724' elevation='8.5' angle='1.0471976' width='88.0' depth='24.0' height='210.0' modelSize='38679'/>
  <pieceOfFurniture catalogId='eTeks#curtains' name='Curtains' creator='eTeks' model='13/curtains.obj' x='1165.4948' y='56.89783' elevation='8.5' angle='5.2359877' width='88.0' depth='24.0' height='210.0' modelSize='38679'/>
  <pieceOfFurniture catalogId='eTeks#curtains' name='Curtains' creator='eTeks' model='13/curtains.obj' x='1228.919' y='24.792658' elevation='8.5' width='88.0' depth='24.0' height='210.0' modelSize='38679'/>
  <pieceOfFurniture catalogId='eTeks#plant' name='Plant' creator='eTeks' model='29' x='1314.2153' y='131.89313' angle='2.6179938' width='58.4' depth='50.8' height='81.3' modelSize='113183'/>
  <pieceOfFurniture catalogId='eTeks#curtains' name='Curtains' creator='eTeks' model='13/curtains.obj' x='1476.4636' y='372.59866' elevation='8.5' angle='1.0471975' width='167.0' depth='16.0' height='225.0' modelSize='38679'/>
  <pieceOfFurniture catalogId='eTeks#frame' name='Frame' creator='eTeks' model='19/frame.obj' x='940.4166' y='168.29135' elevation='150.0' angle='4.712389' width='50.0' depth='2.2' height='35.0' modelSize='3155'/>
  <pieceOfFurniture catalogId='eTeks#frame' name='Frame' creator='eTeks' model='19/frame.obj' x='1416.4192' y='252.71524' elevation='150.0' angle='1.0471975' width='50.0' depth='2.2' height='35.0' modelSize='3155'/>
  <pieceOfFurniture catalogId='eTeks#frame' name='Frame' creator='eTeks' model='19/frame.obj' x='1456.5688' y='555.4133' elevation='150.0' angle='2.617996' width='50.0' depth='2.2' height='35.0' modelSize='3155'/>
  <pieceOfFurniture catalogId='eTeks#frame' name='Frame' creator='eTeks' model='19/frame.obj' x='1294.543' y='648.95856' elevation='150.0' angle='2.617996' width='50.0' depth='2.2' height='35.0' modelSize='3155'/>
  <pieceOfFurniture catalogId='eTeks#desk' name='Desk' creator='eTeks' model='33' x='492.74838' y='822.2213' angle='3.1415927' width='106.0' depth='56.0' height='77.0' modelSize='16760'/>
  <pieceOfFurniture catalogId='eTeks#dishwasher' name='Dishwasher' creator='eTeks' model='35' x='730.6696' y='760.01587' angle='5.09749' width='59.7' depth='64.8' height='85.1' modelSize='7169'/>
  <pieceOfFurniture catalogId='eTeks#clothesWasher' name='Clothes washer' creator='eTeks' model='37' x='409.89838' y='826.7116' angle='3.1415927' width='59.7' depth='62.9' height='85.1' modelSize='24815'/>
  <pieceOfFurniture catalogId='eTeks#kitchenCabinet' name='Kitchen cabinet' creator='eTeks' model='23' x='409.89838' y='826.4116' angle='3.1415927' width='59.7' depth='63.5' height='200.0' modelSize='11366' movable='false'/>
  <doorOrWindow catalogId='eTeks#sliderWindow126x200' name='Slider window' creator='eTeks' model='5' x='485.39453' y='861.73126' elevation='100.0' angle='6.1609416' width='100.0' depth='8.1297655' height='100.0' modelSize='7950' movable='false' cutOutShape='M0,0 v1 h1 v-1 z' wallCutOutOnBothSides='true'/>
  <doorOrWindow catalogId='eTeks#door' name='Door' creator='eTeks' model='1' x='366.47702' y='662.02527' angle='1.5707964' width='91.4' depth='14.839428' height='208.3' modelSize='14086' movable='false' cutOutShape='M0,0 v1 h1 v-1 z' wallCutOutOnBothSides='true'/>
  <pieceOfFurniture catalogId='eTeks#texturableBox' name='Box' creator='eTeks' model='15/texturableBox.obj' x='560.25226' y='686.9048' elevation='120.0' angle='1.5707964' width='60.0' depth='34.0' height='5.0' modelSize='1661'/>
  <pieceOfFurniture catalogId='eTeks#texturableBox' name='Box' creator='eTeks' model='15/texturableBox.obj' x='560.25226' y='747.58624' elevation='80.0' angle='1.5707964' width='60.0' depth='34.0' height='5.0' modelSize='1661'/>
  <pieceOfFurniture catalogId='eTeks#plant' name='Plant' creator='eTeks' model='29' x='548.05225' y='670.96765' angle='1.7484555E-7' width='58.4' depth='50.8' height='81.3' modelSize='113183'/>
  <pieceOfFurniture catalogId='eTeks#plant' name='Plant' creator='eTeks' model='29' x='398.2803' y='724.4975' angle='4.712389' width='58.4' depth='50.8' height='81.3' modelSize='113183'/>
  <pieceOfFurniture catalogId='eTeks#plant' name='Plant' creator='eTeks' model='29' x='1163.5166' y='120.40416' angle='1.7484555E-7' width='58.4' depth='50.8' height='81.3' modelSize='113183'/>
  <pieceOfFurniture catalogId='eTeks#kitchenCabinet' name='Kitchen cabinet' creator='eTeks' model='23' x='1045.5284' y='570.6315' width='75.0' depth='36.0' height='85.1' modelSize='11366' movable='false'/>
  <pieceOfFurniture catalogId='eTeks#kitchenCabinet' name='Kitchen cabinet' creator='eTeks' model='23' x='1079.4847' y='571.3293' angle='1.1391174' width='31.0' depth='20.0' height='85.1' modelSize='11366' movable='false'/>
  <doorOrWindow catalogId='eTeks#sliderWindow126x200' name='Slider window' creator='eTeks' model='5' x='1029.5671' y='91.44866' elevation='100.0' angle='1.7484555E-7' width='100.0' depth='8.1297655' height='100.0' modelSize='7950' movable='false' cutOutShape='M0,0 v1 h1 v-1 z' wallCutOutOnBothSides='true'/>
  <pieceOfFurniture catalogId='eTeks#wardrobe' name='Wardrobe' creator='eTeks' model='11' x='423.0303' y='580.1505' angle='1.7484555E-7' width='100.3' depth='54.0' height='200.0' modelSize='23218'/>
  <pieceOfFurniture catalogId='eTeks#texturableBox' name='Box' creator='eTeks' model='15/texturableBox.obj' x='1017.7566' y='778.9968' angle='2.6179938' width='95.0' depth='57.0' height='40.0' modelSize='1661'/>
  <pieceOfFurniture catalogId='eTeks#laptop' name='Laptop' creator='eTeks' model='39' x='488.1173' y='823.9918' elevation='77.0' angle='3.1415927' width='32.5' depth='35.5' height='19.2' modelSize='45826'/>
  <shelfUnit catalogId='eTeks#filledBookcase' name='Filled bookcase' creator='eTeks' model='41' x='1357.2122' y='187.3658' angle='1.0471975' width='85.0' depth='35.0' height='180.0' modelSize='50961'/>
  <pieceOfFurniture name='couch2' model='43/couch2.obj' x='1039.9529' y='180.00294' width='195.0' depth='158.0' height='86.59381' modelSize='153418'/>
  <pieceOfFurniture name='KentiaPalm' model='45/model.dae' x='662.03' y='113.646675' width='110.63394' depth='96.74072' height='140.83727' modelFlags='2' modelSize='6362407'/>
  <pieceOfFurniture name='KentiaPalm' model='45/model.dae' x='1486.9402' y='483.2955' angle='5.7595863' width='110.63394' depth='96.74072' height='140.83727' modelFlags='2' modelMirrored='true' modelSize='6362407'/>
  <pieceOfFurniture name='01' model='47/model.dae' x='1402.3143' y='268.6013' angle='1.0471975' width='94.87384' depth='38.116367' height='216.37779' modelFlags='2' modelSize='3724349'/>
  <pieceOfFurniture name='BED_03' model='49/model.dae' x='783.4564' y='258.3537' angle='1.5707964' width='328.82196' depth='296.48044' height='95.62205' modelFlags='2' modelSize='55206872'/>
  <pieceOfFurniture name='TB+CONF3' model='51/model.dae' x='1305.8523' y='488.75153' angle='5.759587' width='220.0' depth='100.0' height='75.10882' modelFlags='2' modelSize='3634504'/>
  <pieceOfFurniture name='ELAN-04-350' model='53/model.dae' x='1069.806' y='275.43' width='80.000015' depth='80.000015' height='35.000004' modelFlags='2' modelSize='1314759'/>
  <pieceOfFurniture name='Samsung+TV' model='55/model.dae' x='1004.7036' y='426.91446' elevation='60.0' angle='3.138945' width='110.0' depth='21.0' height='80.0' modelFlags='2' modelSize='634087'/>
  <pieceOfFurniture name='devon&amp;devon+ÉLYSÉES+BOISERIE+slab+50EB+kafelek+cały+1' model='57/model.dae' x='776.76917' y='446.78793' angle='1.5707964' width='2.364631' depth='125.53365' height='120.00001' modelFlags='2' color='FFEDEDED' modelSize='3696568'/>
  <pieceOfFurniture name='devon&amp;devon+ÉLYSÉES+BOISERIE+slab+50EB+kafelek+cały+1' model='57/model.dae' x='899.76917' y='446.78793' angle='1.5707964' width='2.364631' depth='125.53365' height='120.00001' modelFlags='2' color='FFEDEDED' modelSize='3696568'/>
  <pieceOfFurniture name='devon&amp;devon+ÉLYSÉES+BOISERIE+slab+50EB+kafelek+cały+1' model='57/model.dae' x='1015.76917' y='446.78793' angle='1.5707964' width='2.364631' depth='125.53365' height='120.00001' modelFlags='2' color='FFEDEDED' modelSize='3696568'/>
  <pieceOfFurniture name='devon&amp;devon+ÉLYSÉES+BOISERIE+slab+50EB+kafelek+cały+1' model='57/model.dae' x='588.5385' y='447.21396' angle='1.5707964' width='2.0' depth='67.0' height='120.00001' modelFlags='2' color='FFEDEDED' modelSize='3696568'/>
  <doorOrWindow catalogId='eTeks#doorFrame' name='Door frame' creator='eTeks' model='3' x='548.9157' y='493.92444' angle='4.712389' width='91.4' depth='9.678149' height='208.3' modelSize='1281' movable='false' cutOutShape='M0,0 v1 h1 v-1 z' wallCutOutOnBothSides='true'/>
  <pieceOfFurniture name='devon&amp;devon+ÉLYSÉES+BOISERIE+slab+50EB+kafelek+cały+1' model='57/model.dae' x='940.66516' y='374.81693' angle='6.2805376' width='2.364631' depth='125.53365' height='120.00001' modelFlags='2' color='FFEDEDED' modelSize='3696568'/>
  <pieceOfFurniture name='devon&amp;devon+ÉLYSÉES+BOISERIE+slab+50EB+kafelek+cały+1' model='57/model.dae' x='940.1969' y='252.51364' angle='3.1442401' width='2.364631' depth='125.53365' height='120.00001' modelFlags='2' modelMirrored='true' color='FFEDEDED' modelSize='3696568'/>
  <pieceOfFurniture name='devon&amp;devon+ÉLYSÉES+BOISERIE+slab+50EB+kafelek+cały+1' model='57/model.dae' x='940.1969' y='157.51364' angle='3.1442401' width='2.364631' depth='125.53365' height='120.00001' modelFlags='2' modelMirrored='true' color='FFEDEDED' modelSize='3696568'/>
  <pieceOfFurniture name='devon&amp;devon+ÉLYSÉES+BOISERIE+slab+50EB+kafelek+cały+1' model='57/model.dae' x='992.94666' y='97.10562' angle='1.5707964' width='3.0' depth='98.0' height='120.00001' modelFlags='2' color='FFEDEDED' modelSize='3696568'/>
  <pieceOfFurniture name='devon&amp;devon+ÉLYSÉES+BOISERIE+slab+50EB+kafelek+cały+1' model='57/model.dae' x='1085.9467' y='97.10562' angle='1.5707964' width='3.0' depth='98.0' height='120.00001' modelFlags='2' color='FFEDEDED' modelSize='3696568'/>
  <pieceOfFurniture name='devon&amp;devon+ÉLYSÉES+BOISERIE+slab+50EB+kafelek+cały+1' model='57/model.dae' x='1357.2391' y='149.53691' angle='5.7595863' width='2.364631' depth='125.53365' height='120.00001' modelFlags='2' modelMirrored='true' color='FFEDEDED' modelSize='3696568'/>
  <pieceOfFurniture name='devon&amp;devon+ÉLYSÉES+BOISERIE+slab+50EB+kafelek+cały+1' model='57/model.dae' x='1414.6868' y='253.32751' angle='5.7595863' width='1.0' widthInPlan='1.0000001' depth='98.0' height='120.00001' modelFlags='2' modelMirrored='true' color='FFEDEDED' modelSize='3696568'/>
  <pieceOfFurniture name='devon&amp;devon+ÉLYSÉES+BOISERIE+slab+50EB+kafelek+cały+1' model='57/model.dae' x='1533.1449' y='463.97513' angle='5.7595863' width='1.0' widthInPlan='1.0000001' depth='84.0' height='120.00001' modelFlags='2' modelMirrored='true' color='FFEDEDED' modelSize='3696568'/>
  <pieceOfFurniture name='devon&amp;devon+ÉLYSÉES+BOISERIE+slab+50EB+kafelek+cały+1' model='57/model.dae' x='1397.4989' y='588.0756' angle='4.18879' width='2.364631' depth='125.53365' height='120.00001' modelFlags='2' color='FFEDEDED' modelSize='3696568'/>
  <pieceOfFurniture name='devon&amp;devon+ÉLYSÉES+BOISERIE+slab+50EB+kafelek+cały+1' model='57/model.dae' x='1502.2887' y='527.1372' angle='4.18879' width='2.364631' depth='125.53365' height='120.00001' modelFlags='2' color='FFEDEDED' modelSize='3696568'/>
  <pieceOfFurniture name='devon&amp;devon+ÉLYSÉES+BOISERIE+slab+50EB+kafelek+cały+1' model='57/model.dae' x='1291.2144' y='649.4512' angle='4.18879' width='2.364631' depth='125.53365' height='120.00001' modelFlags='2' color='FFEDEDED' modelSize='3696568'/>
  <pieceOfFurniture name='devon&amp;devon+ÉLYSÉES+BOISERIE+slab+50EB+kafelek+cały+1' model='57/model.dae' x='1223.7682' y='688.0221' angle='4.18879' width='2.364631' depth='125.53365' height='120.00001' modelFlags='2' color='FFEDEDED' modelSize='3696568'/>
  <pieceOfFurniture name='devon&amp;devon+ÉLYSÉES+BOISERIE+slab+50EB+kafelek+cały+1' model='57/model.dae' x='1160.0312' y='695.5005' angle='5.7595863' width='0.1' widthInPlan='0.10000002' depth='45.0' height='120.00001' modelFlags='2' color='FFEDEDED' modelSize='3696568'/>
  <pieceOfFurniture name='devon&amp;devon+ÉLYSÉES+BOISERIE+slab+50EB+kafelek+cały+1' model='57/model.dae' x='1099.6636' y='567.51953' angle='5.8293996' width='0.1' widthInPlan='0.10000002' depth='52.0' height='120.00001' modelFlags='2' color='FFEDEDED' modelSize='3696568'/>
  <pieceOfFurniture name='devon&amp;devon+ÉLYSÉES+BOISERIE+slab+50EB+kafelek+cały+1' model='57/model.dae' x='1025.3674' y='543.50775' angle='1.5707964' width='2.364631' depth='125.53365' height='120.00001' modelFlags='2' modelMirrored='true' color='FFEDEDED' modelSize='3696568'/>
  <pieceOfFurniture name='devon&amp;devon+ÉLYSÉES+BOISERIE+slab+50EB+kafelek+cały+1' model='57/model.dae' x='984.7599' y='542.6199' angle='1.5707964' width='2.364631' depth='125.53365' height='120.00001' modelFlags='2' modelMirrored='true' color='FFEDEDED' modelSize='3696568'/>
  <pieceOfFurniture name='devon&amp;devon+ÉLYSÉES+BOISERIE+slab+50EB+kafelek+cały+1' model='57/model.dae' x='762.7229' y='541.95447' angle='1.5707964' width='3.0' depth='134.0' height='120.00001' modelFlags='2' modelMirrored='true' color='FFEDEDED' modelSize='3696568'/>
  <pieceOfFurniture name='Balcony' model='59/model.dae' x='1538.929' y='341.4355' angle='4.1887903' width='231.0' depth='104.0' height='124.40998' modelFlags='2' modelSize='1952745'/>
  <doorOrWindow catalogId='eTeks#roundDoorFrame' name='Round door frame' creator='eTeks' model='61' x='1124.7043' y='633.9962' angle='1.1391174' width='80.0' depth='7.62075' height='200.0' modelSize='4396' movable='false' cutOutShape='M0,1 v-0.8 a0.5,0.2 0 1,1 1,0 v0.8 z' wallCutOutOnBothSides='true'/>
  <doorOrWindow catalogId='eTeks#doubleOutwardOpeningWindow' name='Outward opening window' creator='eTeks' model='63' x='1314.6033' y='41.676468' elevation='87.0' angle='1.0471976' width='115.200005' depth='7.92555' height='134.0' modelSize='26300' movable='false' cutOutShape='M0,0 v1 h1 v-1 z' wallCutOutOnBothSides='true'/>
  <doorOrWindow catalogId='eTeks#doubleOutwardOpeningWindow' name='Outward opening window' creator='eTeks' model='63' x='1236.5914' y='9.134984' elevation='87.0' width='115.200005' depth='7.92555' height='134.0' modelSize='26300' movable='false' cutOutShape='M0,0 v1 h1 v-1 z' wallCutOutOnBothSides='true'/>
  <doorOrWindow catalogId='eTeks#doubleOutwardOpeningWindow' name='Outward opening window' creator='eTeks' model='63' x='1152.5265' y='48.044304' elevation='87.0' angle='5.2359877' width='115.200005' depth='7.92555' height='134.0' modelSize='26300' movable='false' cutOutShape='M0,0 v1 h1 v-1 z' wallCutOutOnBothSides='true'/>
  <doorOrWindow catalogId='eTeks#doubleOutwardOpeningWindow' name='Outward opening window' creator='eTeks' model='63' x='721.11206' y='-8.53287' elevation='87.0' angle='7.2591256E-8' width='115.200005' depth='7.92555' height='134.0' modelSize='26300' movable='false' cutOutShape='M0,0 v1 h1 v-1 z' wallCutOutOnBothSides='true'/>
  <doorOrWindow catalogId='eTeks#doubleOutwardOpeningWindow' name='Outward opening window' creator='eTeks' model='63' x='605.5805' y='46.54245' elevation='87.0' angle='4.712389' width='83.0' depth='7.92555' height='134.0' modelSize='26300' movable='false' cutOutShape='M0,0 v1 h1 v-1 z' wallCutOutOnBothSides='true'/>
  <doorOrWindow catalogId='eTeks#doubleOutwardOpeningWindow' name='Outward opening window' creator='eTeks' model='63' x='815.4772' y='43.315033' elevation='87.0' angle='1.5707964' width='83.0' depth='7.92555' height='134.0' modelSize='26300' movable='false' cutOutShape='M0,0 v1 h1 v-1 z' wallCutOutOnBothSides='true'/>
  <pieceOfFurniture name='devon&amp;devon+ÉLYSÉES+BOISERIE+slab+50EB+kafelek+cały+1' model='57/model.dae' x='1009.30896' y='434.499' angle='4.7123895' width='2.0' depth='138.0' height='120.00001' modelFlags='2' color='FFEDEDED' modelSize='3696568'/>
  <pieceOfFurniture catalogId='eTeks#kitchenCabinet' name='Kitchen cabinet' creator='eTeks' model='23' x='804.27026' y='584.1315' angle='4.712389' width='63.0' depth='49.0' height='85.1' modelSize='11366' movable='false'/>
  <pieceOfFurniture name='Louis+Poulsen_+VL45+RADIOHUS+PENDANT' model='65/model.dae' x='1113.769' y='714.3562' elevation='80.0' angle='5.7595863' width='66.25872' depth='72.94836' height='184.73972' modelFlags='2' modelMirrored='true' modelSize='3742891'/>
  <pieceOfFurniture name='LouisPoulsen+Radiohus+Pendant+Large' model='67/model.dae' x='1354.6204' y='451.6358' elevation='120.0' width='37.338' depth='37.338' height='108.75062' modelFlags='2' modelSize='271587'/>
  <pieceOfFurniture name='LouisPoulsen+Radiohus+Pendant+Large' model='67/model.dae' x='1266.7567' y='507.74152' elevation='120.0' width='37.338' depth='37.338' height='108.75062' modelFlags='2' modelSize='271587'/>
  <pieceOfFurniture name='LouisPoulsen+Radiohus+Pendant+Large' model='67/model.dae' x='802.032' y='252.61926' elevation='120.0' width='37.338' depth='37.338' height='108.75062' modelFlags='2' modelSize='271587'/>
  <wall id='wall-aae20d1b-6399-41ad-b23c-57284a5d18e1' wallAtStart='wall-c83af086-1be8-49e5-b36f-c50fd8e39f9c' wallAtEnd='wall-54244c95-6c3a-4583-9d1c-b26c0a0bafa8' xStart='1085.4683' yStart='548.8215' xEnd='1167.8923' yEnd='727.7496' height='243.84' thickness='7.62' pattern='hatchUp' leftSideColor='FFC7BFB1' rightSideColor='FFC7BFB1'/>
  <wall id='wall-54244c95-6c3a-4583-9d1c-b26c0a0bafa8' wallAtStart='wall-aae20d1b-6399-41ad-b23c-57284a5d18e1' xStart='1167.8923' yStart='727.7496' xEnd='1569.729' yEnd='495.75018' height='243.84' thickness='7.62' pattern='hatchUp' leftSideColor='FFC7BFB1' rightSideColor='FFC7BFB1'/>
  <wall id='wall-0168db1b-c396-4874-aa5f-1fe3dc333eef' xStart='1328.8345' yStart='91.19414' xEnd='1562.2461' yEnd='495.47485' height='243.84' thickness='7.62' pattern='hatchUp' leftSideColor='FFC7BFB1' rightSideColor='FFC7BFB1'/>
  <wall id='wall-2823a8db-ed13-4431-a0b5-97728abac1dc' wallAtEnd='wall-10c1cc79-cc89-41b1-9b95-2c8e6aae61ed' xStart='1171.1394' yStart='727.7496' xEnd='760.6435' yEnd='964.7496' height='243.84' thickness='7.62' pattern='hatchUp' leftSideColor='FFC7BFB1' rightSideColor='FFC7BFB1'/>
  <wall id='wall-10c1cc79-cc89-41b1-9b95-2c8e6aae61ed' wallAtStart='wall-2823a8db-ed13-4431-a0b5-97728abac1dc' wallAtEnd='wall-78e4b876-1e7e-4cd9-bd67-fd6a36c5d336' xStart='760.6435' yStart='964.7496' xEnd='669.34033' yEnd='814.9272' height='243.84' thickness='7.62' pattern='hatchUp' leftSideColor='FFC7BFB1' rightSideColor='FFC7BFB1'/>
  <wall id='wall-78e4b876-1e7e-4cd9-bd67-fd6a36c5d336' wallAtStart='wall-10c1cc79-cc89-41b1-9b95-2c8e6aae61ed' xStart='669.34033' yStart='814.9272' xEnd='777.5033' yEnd='548.082' height='243.84' thickness='7.62' pattern='hatchUp' leftSideColor='FFC7BFB1' rightSideColor='FFC7BFB1'/>
  <wall id='wall-c83af086-1be8-49e5-b36f-c50fd8e39f9c' wallAtEnd='wall-aae20d1b-6399-41ad-b23c-57284a5d18e1' xStart='779.0594' yStart='548.8215' xEnd='1085.4683' yEnd='548.8215' height='243.84' thickness='7.62' pattern='hatchUp' leftSideColor='FFC7BFB1' rightSideColor='FFC7BFB1'/>
  <wall id='wall-e6f87fd3-990b-45df-87e8-230cb9fe28f5' wallAtEnd='wall-31f4bb71-d5b0-43cb-b7d0-8bb74dc9c128' xStart='815.6296' yStart='91.31477' xEnd='815.6296' yEnd='-8.685265' height='243.84' thickness='7.62' pattern='hatchUp' leftSideColor='FFC7BFB1' rightSideColor='FFC7BFB1'/>
  <wall id='wall-31f4bb71-d5b0-43cb-b7d0-8bb74dc9c128' wallAtStart='wall-e6f87fd3-990b-45df-87e8-230cb9fe28f5' wallAtEnd='wall-753070ae-6dff-428a-bb6a-f43d47cd31cf' xStart='815.6296' yStart='-8.685265' xEnd='605.4281' yEnd='-8.68528' height='243.84' thickness='7.62' pattern='hatchUp' leftSideColor='FFC7BFB1' rightSideColor='FFC7BFB1'/>
  <wall id='wall-753070ae-6dff-428a-bb6a-f43d47cd31cf' wallAtStart='wall-31f4bb71-d5b0-43cb-b7d0-8bb74dc9c128' xStart='605.4281' yStart='-8.68528' xEnd='605.4281' yEnd='91.19414' height='243.84' thickness='7.62' pattern='hatchUp' leftSideColor='FFC7BFB1' rightSideColor='FFC7BFB1'/>
  <wall id='wall-468200a3-4afb-4319-91dc-98255e3ea676' xStart='548.9031' yStart='86.92485' xEnd='548.9031' yEnd='436.9248' height='243.84' thickness='7.62' pattern='hatchUp' leftSideColor='FFC7BFB1' rightSideColor='FFC7BFB1'/>
  <wall id='wall-38b7341b-1ae4-491a-8a10-c2d8e0bef7a3' wallAtStart='wall-282facf6-66c1-4836-9421-af79233c0685' xStart='935.50665' yStart='417.13904' xEnd='885.50665' yEnd='417.13904' height='243.84' thickness='39.0' pattern='hatchUp' leftSideColor='FFC7BFB1' rightSideColor='FFC7BFB1'/>
  <wall id='wall-f839f89b-ebd2-4a6f-9b90-e9c3a199ef5d' wallAtEnd='wall-259a6168-6407-4702-b88a-61433e7ad2d0' xStart='1129.9028' yStart='86.92485' xEnd='1174.9028' yEnd='8.982571' height='243.84' thickness='7.62' pattern='hatchUp' leftSideColor='FFC7BFB1' rightSideColor='FFC7BFB1'/>
  <wall id='wall-259a6168-6407-4702-b88a-61433e7ad2d0' wallAtStart='wall-f839f89b-ebd2-4a6f-9b90-e9c3a199ef5d' wallAtEnd='wall-7af9fc91-40bd-4b5f-9dbe-73d594244e79' xStart='1174.9028' yStart='8.982571' xEnd='1295.9033' yEnd='8.982571' height='243.84' thickness='7.62' pattern='hatchUp' leftSideColor='FFC7BFB1' rightSideColor='FFC7BFB1'/>
  <wall id='wall-7af9fc91-40bd-4b5f-9dbe-73d594244e79' wallAtStart='wall-259a6168-6407-4702-b88a-61433e7ad2d0' wallAtEnd='wall-22fed774-a0b0-42fc-b04e-e95dc5eb8dc5' xStart='1295.9033' yStart='8.982571' xEnd='1332.4033' yEnd='72.20242' height='243.84' thickness='7.62' pattern='hatchUp' leftSideColor='FFC7BFB1' rightSideColor='FFC7BFB1'/>
  <wall id='wall-22fed774-a0b0-42fc-b04e-e95dc5eb8dc5' wallAtStart='wall-7af9fc91-40bd-4b5f-9dbe-73d594244e79' xStart='1332.4033' yStart='72.20242' xEnd='1332.4033' yEnd='91.19414' height='243.84' thickness='7.62' pattern='hatchUp' leftSideColor='FFC7BFB1' rightSideColor='FFC7BFB1'/>
  <wall id='wall-32596bd2-0eb5-4ff9-aa3f-dd487bbcfc30' xStart='568.0703' yStart='549.3405' xEnd='369.0703' yEnd='549.3405' height='243.84' thickness='7.62' pattern='hatchUp' leftSideColor='FFC7BFB1' rightSideColor='FFC7BFB1'/>
  <wall id='wall-f08ac42a-c6e3-4703-8879-7f1d7bf1dfc6' wallAtEnd='wall-8210baa3-f4b4-4d92-bc9f-60bb3cd41e7b' xStart='369.0703' yStart='549.3405' xEnd='369.0703' yEnd='861.9716' height='243.84' thickness='7.62' pattern='hatchUp' leftSideColor='FFC7BFB1' rightSideColor='FFC7BFB1'/>
  <wall id='wall-8210baa3-f4b4-4d92-bc9f-60bb3cd41e7b' wallAtStart='wall-f08ac42a-c6e3-4703-8879-7f1d7bf1dfc6' xStart='369.0703' yStart='861.9716' xEnd='487.9812' yEnd='861.9716' height='243.84' thickness='7.62' pattern='hatchUp' leftSideColor='FFC7BFB1' rightSideColor='FFC7BFB1'/>
  <wall id='wall-53753106-eb50-4c51-8dbb-862aa3959834' wallAtEnd='wall-77e8cb02-fcbb-494e-b882-a633d0af8ddc' xStart='581.06226' yStart='845.32697' xEnd='581.06226' yEnd='645.32697' height='243.84' thickness='7.62' pattern='hatchUp' leftSideColor='FFC7BFB1' rightSideColor='FFC7BFB1'/>
  <wall id='wall-77e8cb02-fcbb-494e-b882-a633d0af8ddc' wallAtStart='wall-53753106-eb50-4c51-8dbb-862aa3959834' xStart='581.06226' yStart='645.32697' xEnd='568.2852' yEnd='544.5489' height='243.84' thickness='7.62' pattern='hatchUp' leftSideColor='FFC7BFB1' rightSideColor='FFC7BFB1'/>
  <wall id='wall-bd705f9b-9fa9-416e-8fad-cc6f2e9f1a8d' wallAtEnd='wall-63325bcb-e95d-4e97-a710-0457b867040b' xStart='581.06226' yStart='645.32697' xEnd='693.72925' yEnd='546.6291' height='243.84' thickness='7.62' pattern='hatchUp' leftSideColor='FFC7BFB1' rightSideColor='FFC7BFB1'/>
  <wall id='wall-63325bcb-e95d-4e97-a710-0457b867040b' wallAtStart='wall-bd705f9b-9fa9-416e-8fad-cc6f2e9f1a8d' xStart='693.72925' yStart='546.6291' xEnd='779.0594' yEnd='546.6291' height='243.84' thickness='7.62' pattern='hatchUp' leftSideColor='FFC7BFB1' rightSideColor='FFC7BFB1'/>
  <wall id='wall-f4fe5786-25a7-4696-9bb7-c62c9b8753ea' xStart='602.2945' yStart='626.1728' xEnd='580.5537' yEnd='707.3105' height='243.84' thickness='7.62' pattern='hatchUp' leftSideColor='FFC7BFB1' rightSideColor='FFC7BFB1'/>
  <wall id='wall-abbedfe8-c255-4d42-8cc1-8f776e3347dd' xStart='481.35046' yStart='861.9716' xEnd='682.5514' yEnd='837.25287' height='243.84' thickness='7.62' pattern='hatchUp' leftSideColor='FFC7BFB1' rightSideColor='FFC7BFB1'/>
  <wall id='wall-2f173b5b-1053-4325-a993-cfe9aee1d176' xStart='548.9031' yStart='442.4439' xEnd='548.9031' yEnd='548.8215' height='243.84' thickness='7.62' pattern='hatchUp' leftSideColor='FFC7BFB1' rightSideColor='FFC7BFB1'/>
  <wall id='wall-c473895a-b3ac-4117-86b2-540d70a27fad' wallAtEnd='wall-16a69129-1aa0-41e3-8854-76b2794fd467' xStart='544.1287' yStart='442.4439' xEnd='605.4281' yEnd='442.28162' height='243.84' thickness='7.62' pattern='hatchUp' leftSideColor='FFC7BFB1' rightSideColor='FFC7BFB1'/>
  <wall id='wall-16a69129-1aa0-41e3-8854-76b2794fd467' wallAtStart='wall-c473895a-b3ac-4117-86b2-540d70a27fad' xStart='605.4281' yStart='442.28162' xEnd='1077.1287' yEnd='441.03278' height='243.84' thickness='7.62' pattern='hatchUp' leftSideColor='FFC7BFB1' rightSideColor='FFC7BFB1'/>
  <wall id='wall-f15098be-2864-4529-bfee-ea380f88e3b3' xStart='1073.9031' yStart='86.92485' xEnd='1073.9031' yEnd='91.19415' height='243.84' thickness='7.62' pattern='hatchUp' leftSideColor='FFC7BFB1' rightSideColor='FFC7BFB1'/>
  <wall id='wall-437fd0ec-d5f3-4030-a0ec-00b77b9b1d89' wallAtEnd='wall-51164476-c598-49b6-874b-f9403bead662' xStart='1135.6296' yStart='91.19415' xEnd='815.6296' yEnd='91.19415' height='243.84' thickness='7.62' pattern='hatchUp' leftSideColor='FFC7BFB1' rightSideColor='FFC7BFB1'/>
  <wall id='wall-51164476-c598-49b6-874b-f9403bead662' wallAtStart='wall-437fd0ec-d5f3-4030-a0ec-00b77b9b1d89' xStart='815.6296' yStart='91.19415' xEnd='810.35614' yEnd='91.19415' height='243.84' thickness='7.62' pattern='hatchUp' leftSideColor='FFC7BFB1' rightSideColor='FFC7BFB1'/>
  <wall id='wall-3f6b87f3-8158-4815-8a7a-7f19bd6e904d' wallAtStart='wall-99341cc6-51bf-4884-9596-e0dc6fdf6839' xStart='605.4281' yStart='90.72005' xEnd='610.1287' yEnd='90.72005' height='243.84' thickness='7.62' pattern='hatchUp' leftSideColor='FFC7BFB1' rightSideColor='FFC7BFB1'/>
  <wall id='wall-d739e9fe-f7b9-45a1-847c-33ca6986fa5c' wallAtEnd='wall-99341cc6-51bf-4884-9596-e0dc6fdf6839' xStart='544.1287' yStart='90.72005' xEnd='548.9031' yEnd='90.72005' height='243.84' thickness='7.62' pattern='hatchUp' leftSideColor='FFC7BFB1' rightSideColor='FFC7BFB1'/>
  <wall id='wall-99341cc6-51bf-4884-9596-e0dc6fdf6839' wallAtStart='wall-d739e9fe-f7b9-45a1-847c-33ca6986fa5c' wallAtEnd='wall-3f6b87f3-8158-4815-8a7a-7f19bd6e904d' xStart='548.9031' yStart='90.72005' xEnd='605.4281' yEnd='90.72005' height='243.84' thickness='7.62' pattern='hatchUp' leftSideColor='FFC7BFB1' rightSideColor='FFC7BFB1'/>
  <wall id='wall-282facf6-66c1-4836-9421-af79233c0685' wallAtStart='wall-38b7341b-1ae4-491a-8a10-c2d8e0bef7a3' xStart='935.50665' yStart='417.13904' xEnd='935.50665' yEnd='90.72005' height='243.84' thickness='7.62' pattern='hatchUp' leftSideColor='FFC7BFB1' rightSideColor='FFC7BFB1'/>
  <room id='room-16578b84-0653-46ec-bab0-446f4776d41e' name='Kontor' nameXOffset='-4.7746277' nameYOffset='25.253052' areaVisible='true' areaXOffset='-1.5914917' areaYOffset='55.703857' ceilingFlat='true'>
    <texture attribute='floorTexture' name='calvin_klein_floor' width='400.0' height='400.0' image='68'/>
    <point x='372.8803' y='553.1505'/>
    <point x='372.8803' y='858.1616'/>
    <point x='487.9812' y='858.1616'/>
    <point x='577.25226' y='845.32697'/>
    <point x='577.25226' y='645.5676'/>
    <point x='565.5353' y='553.1505'/>
    <point x='372.8803' y='553.1505'/>
    <point x='372.8803' y='858.1616'/>
  </room>
  <room id='room-3bf33e1f-341b-425c-afd6-f290d637d0f3' name='Køkken' areaVisible='true' ceilingFlat='true'>
    <texture attribute='floorTexture' name='calvin_klein_floor' width='400.0' height='400.0' image='68'/>
    <point x='828.1879' y='548.7964'/>
    <point x='828.1879' y='552.6315'/>
    <point x='779.77026' y='552.6315'/>
    <point x='673.5915' y='814.58154'/>
    <point x='761.96075' y='959.5897'/>
    <point x='1163.66' y='727.66833'/>
    <point x='1140.9152' y='678.29315'/>
    <point x='1144.3777' y='676.69794'/>
    <point x='1106.0905' y='593.5831'/>
    <point x='1102.6278' y='595.17816'/>
    <point x='1083.0284' y='552.63135'/>
    <point x='920.7874' y='552.6314'/>
    <point x='920.7874' y='548.7964'/>
  </room>
  <room id='room-36ca08c8-913e-4575-a24d-b6a57fd7855f' name='Bad' nameXOffset='-38.1969' areaVisible='true' areaXOffset='-33.422302' areaYOffset='-14.323853' ceilingFlat='true'>
    <texture attribute='floorTexture' name='Light blue tiles' creator='eTeks' catalogId='eTeks#lightBlueTile' width='33.5' height='33.5' image='69'/>
    <point x='588.0754' y='845.32697'/>
    <point x='679.7941' y='834.1465'/>
    <point x='668.29224' y='815.2727'/>
    <point x='775.6399' y='550.4391'/>
    <point x='698.36523' y='550.4391'/>
    <point x='598.37573' y='638.03125'/>
    <point x='580.4554' y='706.4259'/>
    <point x='588.0754' y='845.32697'/>
  </room>
  <room id='room-e029bc32-c87e-4352-a0e7-82024d2ba01f' name='Stue' nameXOffset='-38.1969' nameYOffset='12.520752' areaVisible='true' areaXOffset='-39.788452' areaYOffset='60.478424' ceilingVisible='false' ceilingFlat='true'>
    <texture attribute='floorTexture' name='calvin_klein_floor' width='400.0' height='400.0' image='68'/>
    <point x='1169.605' y='722.3613'/>
    <point x='1558.9465' y='497.37985'/>
    <point x='1325.5349' y='93.09914'/>
    <point x='1336.2134' y='71.18164'/>
    <point x='1293.7035' y='12.792572'/>
    <point x='1177.1025' y='12.792557'/>
    <point x='1132.1024' y='90.73485'/>
    <point x='935.50665' y='90.73486'/>
    <point x='935.50665' y='397.63904'/>
    <point x='935.50665' y='436.63898'/>
    <point x='1077.7131' y='436.92474'/>
    <point x='1087.908' y='545.0115'/>
    <point x='1169.605' y='722.3613'/>
  </room>
  <room id='room-bb95a1ac-9921-4c88-a877-f67c7fd9daf3' name='Soveværelse' nameXOffset='-56.302612' nameYOffset='9.755768' areaVisible='true' areaXOffset='-58.921265' areaYOffset='54.993225' ceilingVisible='false' ceilingFlat='true'>
    <texture attribute='floorTexture' name='calvin_klein_floor' width='400.0' height='400.0' image='68'/>
    <point x='885.50665' y='436.92477'/>
    <point x='885.50665' y='397.63904'/>
    <point x='931.69666' y='397.63904'/>
    <point x='931.69666' y='95.00415'/>
    <point x='810.35614' y='95.00415'/>
    <point x='811.8196' y='-4.8752646'/>
    <point x='609.2381' y='-4.8752823'/>
    <point x='604.4281' y='94.530045'/>
    <point x='545.0931' y='94.530045'/>
    <point x='552.7131' y='436.9248'/>
    <point x='1070.093' y='436.9248'/>
  </room>
  <room id='room-23d87198-cf13-4738-bd25-f668a014b8d2' name='Entre' nameXOffset='-154.37921' nameYOffset='-52.7323' areaVisible='true' areaXOffset='-154.37921' areaYOffset='-17.506958' ceilingVisible='false' ceilingFlat='true'>
    <texture attribute='floorTexture' name='calvin_klein_floor' width='400.0' height='400.0' image='68'/>
    <point x='1087.908' y='545.0115'/>
    <point x='1077.1388' y='444.84277'/>
    <point x='552.7131' y='446.2312'/>
    <point x='552.7131' y='545.5305'/>
    <point x='572.06494' y='544.0697'/>
    <point x='583.94086' y='637.74005'/>
    <point x='692.2964' y='542.8191'/>
    <point x='1087.908' y='545.0115'/>
  </room>
</home>